{
  "train_loss": [
    1.3804108660683758,
    0.9086544094958744,
    0.7808763947461427,
    0.6948846618790823,
    0.6169190889823042,
    0.5511546069134795,
    0.4950742721628629,
    0.4453091320066542,
    0.4138669808939514,
    0.39784025069392914
  ],
  "train_acc": [
    58.52911742279832,
    72.41946244757911,
    76.29384292794511,
    78.85770110560426,
    80.84135531833778,
    82.93223408311094,
    84.57276972931757,
    85.89758863896301,
    86.785169653069,
    87.37013915364086
  ],
  "val_loss": [
    0.984431830784306,
    0.8716277198230519,
    0.8104855251312181,
    0.6840632174096605,
    0.53826775460926,
    0.6118011153489351,
    0.5065402858879636,
    0.4462310153127392,
    0.42024400340886053,
    0.4141450526765263
  ],
  "val_acc": [
    70.29411764705883,
    72.29411764705883,
    75.3529411764706,
    79.23529411764706,
    82.70588235294117,
    81.82352941176471,
    84.47058823529412,
    86.70588235294117,
    86.88235294117646,
    87.29411764705883
  ],
  "lr": [
    0.0009755527298894294,
    0.0009046039886902864,
    0.0007940987335200905,
    0.0006548539886902864,
    0.0005005000000000001,
    0.0003461460113097139,
    0.00020690126647990976,
    9.639601130971382e-05,
    2.5447270110570814e-05,
    1e-06
  ]
}